64245,8741397110,Guinna,Baxtert,7/26/2021,1084825633
38051,2687341171,Goober,Harker,12/29/2021,2631291022
45959,138462528,Emmerich,Goane,12/12/2021,2666341663
19989,6732502535,Darrick,Duckels,02/03/2022,1672067524
29813,1607227041,Myrle,Weiss,6/16/2021,1976621423
78611,8489587195,Yvon,Pridie,4/14/2022,2489036859
75807,9262643835,Jud,Ritchley,7/26/2021,3026148436
41493,8994097609,Ermentrude,Batalle,11/08/2021,2989239785
28884,5582325330,Angelita,Strachan,12/21/2021,3120768437
73047,6490134039,Ambrosi,Huguet,11/21/2021,1228782045
58104,3816253675,Darin,Lamberteschi,5/19/2022,850021910
11760,4304645975,Bev,Eddie,8/28/2021,1408400287
36804,1209606997,Norrie,Wilman,10/28/2021,1904035878
52390,7820698359,Kira,Dawkes,3/21/2022,1281104657
71162,3061903049,Debera,Pirkis,05/07/2022,380363544
33157,5361803855,Sandye,Clingan,6/19/2021,1399716971
85412,949972611,Carlye,Pickrill,03/11/2022,2917741393
11173,643248400,Sharai,Nutbeem,01/03/2022,412451429
53161,5742678710,Betti,O' Driscoll,8/17/2021,1896599499
52868,592251967,Giorgia,Gonthier,03/08/2022,1948623975
31295,5249387954,Kathy,Round,7/31/2021,1467294347
23722,8171586074,Nonie,Farndon,06/05/2021,2772282995
39452,7816394001,Rey,Caseborne,9/20/2021,873093166
65194,3637128396,Tandy,Koles,3/19/2022,1630912109
85210,2042824096,Ariela,Leveret,11/07/2021,2688089272
62736,7255905076,Grant,Salmen,10/05/2021,2169678977
65089,7868258939,Anthia,Allcroft,7/19/2021,3130630773
10232,737370200,Sydney,Lorden,03/03/2022,991033871
61996,2585299495,Debor,Audenis,11/02/2021,2320689367
24399,8476295318,Anna-maria,Pawlowicz,5/16/2022,2531175986
